[
{
    "model": "users.customuser",
    "pk": 1,
    "fields": {
        "password": "pbkdf2_sha256$180000$BrvkTE0G57nZ$K0O3gp6+mFGqRUel9vTsW2rVu0taTrB2zILuY3/r9Ms=",
        "last_login": "2020-01-26T13:15:35.532Z",
        "is_superuser": true,
        "username": "admin",
        "first_name": "",
        "last_name": "",
        "email": "redpaulkenny@gmail.com",
        "is_staff": true,
        "is_active": true,
        "date_joined": "2020-01-05T22:19:13.940Z",
        "groups": [],
        "user_permissions": []
    }
},
{
    "model": "users.customuser",
    "pk": 2,
    "fields": {
        "password": "pbkdf2_sha256$180000$wjHgsAVaR1XT$LOS/mhBMYV0CU9mVL24vqUTmArSBfoGmmBtn2VxU/E8=",
        "last_login": "2020-01-22T01:52:14.304Z",
        "is_superuser": false,
        "username": "Paul",
        "first_name": "",
        "last_name": "",
        "email": "redpaulkenny@gmail.com",
        "is_staff": false,
        "is_active": true,
        "date_joined": "2020-01-08T15:53:42.868Z",
        "groups": [],
        "user_permissions": []
    }
},
{
    "model": "products.category",
    "pk": 1,
    "fields": {
        "slug": "medical",
        "title": "Medical",
        "featured": true
    }
},
{
    "model": "products.category",
    "pk": 2,
    "fields": {
        "slug": "weapons",
        "title": "Weapons",
        "featured": true
    }
},
{
    "model": "products.category",
    "pk": 3,
    "fields": {
        "slug": "construction",
        "title": "Construction",
        "featured": false
    }
},
{
    "model": "products.category",
    "pk": 4,
    "fields": {
        "slug": "resources",
        "title": "Resources",
        "featured": false
    }
},
{
    "model": "products.category",
    "pk": 5,
    "fields": {
        "slug": "attire",
        "title": "Attire",
        "featured": true
    }
},
{
    "model": "products.category",
    "pk": 6,
    "fields": {
        "slug": "tools",
        "title": "Tools",
        "featured": false
    }
},
{
    "model": "products.category",
    "pk": 7,
    "fields": {
        "slug": "ammo",
        "title": "Ammo",
        "featured": false
    }
},
{
    "model": "products.category",
    "pk": 8,
    "fields": {
        "slug": "food",
        "title": "Food",
        "featured": false
    }
},
{
    "model": "products.product",
    "pk": 1,
    "fields": {
        "slug": "large-medkit",
        "name": "Large Medkit",
        "mainimage": "products/largemedkit.png",
        "category": 1,
        "preview_text": "The large medkit is a seldom used 'upgrade' to the medical syringe. It can regenerate a player to full health over time, but provides no instant health bonus like the syringes it is crafted from.",
        "detail_text": "The large medkit is a seldom used 'upgrade' to the medical syringe. It can regenerate a player to full health over time, but provides no instant health bonus like the syringes it is crafted from.\r\n\r\nThis item is rarely used in combat as any incoming damage will stop the healing process. Many players use it to heal after failing radtown jumping puzzles as they are mainly found in radtowns.",
        "price": "9.99"
    }
},
{
    "model": "products.product",
    "pk": 2,
    "fields": {
        "slug": "medical-syringe",
        "name": "Medical Syringe",
        "mainimage": "products/syringe.medical.png",
        "category": 1,
        "preview_text": "The medical syringe is the go-to medical solution for combat in game. Providing a good boost of health instantly with a decent regeneration afterwards. It's quick use and simplicity makes it a fan fav",
        "detail_text": "The medical syringe is the go-to medical solution for combat in game. Providing a good boost of health instantly with a decent regeneration afterwards. It's quick use and simplicity makes it a fan favorite in combat.",
        "price": "4.99"
    }
},
{
    "model": "products.product",
    "pk": 3,
    "fields": {
        "slug": "assault-rifle",
        "name": "Assault Rifle",
        "mainimage": "products/rifle.ak.png",
        "category": 2,
        "preview_text": "The Assault Rifle is an accurate, powerful, and fully automatic rifle that fires 5.56 rifle rounds. It has a moderate rate of fire which allows for proficiency at close to medium range.",
        "detail_text": "The Assault Rifle is an accurate, powerful, and fully automatic rifle that fires 5.56 rifle rounds. It has a moderate rate of fire which allows for proficiency at close to medium range.\r\n\r\nStrong recoil makes it more difficult to fire in full-auto at long range, but experienced users may be able to control it more effectively.\r\n\r\nThe Assault Rifle is generally used as an end-game multipurpose weapon, able to take fights at any range.",
        "price": "25.99"
    }
},
{
    "model": "products.product",
    "pk": 4,
    "fields": {
        "slug": "bandana-mask",
        "name": "Bandana Mask",
        "mainimage": "products/mask.bandana.png",
        "category": 5,
        "preview_text": "Cheap facial attire compatible with most head slots that wouldn't otherwise obscure it.",
        "detail_text": "Cheap facial attire compatible with most head slots that wouldn't otherwise obscure it.",
        "price": "2.99"
    }
},
{
    "model": "products.product",
    "pk": 5,
    "fields": {
        "slug": "bone-armor",
        "name": "Bone Armor",
        "mainimage": "products/bone.armor.suit.png",
        "category": 5,
        "preview_text": "Respectable projectile and melee resistance has promoted bone armor to a heightened status within the primitive era.",
        "detail_text": "Respectable projectile and melee resistance has promoted bone armor to a heightened status within the primitive era.\r\n\r\nIts slot efficiency is often exploited during helicopter patrols.",
        "price": "1.99"
    }
},
{
    "model": "products.product",
    "pk": 6,
    "fields": {
        "slug": "bone-helmet",
        "name": "Bone Helmet",
        "mainimage": "products/deer.skull.mask.png",
        "category": 5,
        "preview_text": "Second only to the wolf headdress in primitive headwear, the bone helmet is a welcome sink for bone frags until metal can take its place.",
        "detail_text": "Second only to the wolf headdress in primitive headwear, the bone helmet is a welcome sink for bone frags until metal can take its place.",
        "price": "1.99"
    }
},
{
    "model": "products.product",
    "pk": 7,
    "fields": {
        "slug": "coffee-can-helmet",
        "name": "Coffee Can Helmet",
        "mainimage": "products/coffeecan.helmet.png",
        "category": 5,
        "preview_text": "The coffee can helmet is a face protector that is one tier below the metal facemask, it offers good protection against physical damage to the head and costs less to craft than its older and better...",
        "detail_text": "The coffee can helmet is a face protector that is one tier below the metal facemask, it offers good protection against physical damage to the head and costs less to craft than its older and better brother, the metal facemask.",
        "price": "5.00"
    }
},
{
    "model": "products.product",
    "pk": 8,
    "fields": {
        "slug": "hazmat-suit",
        "name": "Hazmat Suit",
        "mainimage": "products/hazmatsuit.png",
        "category": 5,
        "preview_text": "The Hazmat Suit allows one to safely travel through irradiated zones, signified by Geiger counter style ticking. When the Suit is equipped, the wearer will be protected from most radioactive zones.",
        "detail_text": "The Hazmat Suit allows one to safely travel through irradiated zones, signified by Geiger counter style ticking. When the Suit is equipped, the wearer will be protected from most radioactive zones\r\n\r\nIt does not provide full protection in certain areas, such as in the main building at the Launch Site, or the broken cooling tower at the Nuclear Power Plant.\r\n\r\nThe main use of the Suit is to travel into irradiated zones, as its protective ability in combat is inferior to mid-tier equipment. However, in a pinch, it is better than being naked, unless one is trying to remain undetected as the bright yellow makes a person stand out against the landscape.",
        "price": "10.00"
    }
},
{
    "model": "products.product",
    "pk": 9,
    "fields": {
        "slug": "hoodie",
        "name": "Hoodie",
        "mainimage": "products/hoodie.png",
        "category": 5,
        "preview_text": "The hoodie offers the greatest projectile and melee resistance out of all the under armor variants. This superiority is offset by its high research and production cost.",
        "detail_text": "The hoodie offers the greatest projectile and melee resistance out of all the under armor variants. This superiority is offset by its high research and production cost.",
        "price": "6.50"
    }
},
{
    "model": "products.product",
    "pk": 10,
    "fields": {
        "slug": "metal-chest-plate",
        "name": "Metal Chest Plate",
        "mainimage": "products/metal.plate.torso.png",
        "category": 5,
        "preview_text": "The metal chest plate is a versatile end-game armor used most often when roaming and raiding. Though high quality metal is often stored in abundance due to its limited use, players should begin...",
        "detail_text": "The metal chest plate is a versatile end-game armor used most often when roaming and raiding. Though high quality metal is often stored in abundance due to its limited use, players should begin making room for the sewing kits as this period comes into the horizon.",
        "price": "22.10"
    }
},
{
    "model": "products.product",
    "pk": 11,
    "fields": {
        "slug": "metal-facemask",
        "name": "Metal Facemask",
        "mainimage": "products/metal.facemask.png",
        "category": 5,
        "preview_text": "A high-tier protective face mask which somehow protects the entire head. It costs High Quality Metal, making it quite expensive compared to its alternatives, but in return offers the greatest...",
        "detail_text": "A high-tier protective face mask which somehow protects the entire head. It costs High Quality Metal, making it quite expensive compared to its alternatives, but in return offers the greatest protection to almost all forms of physical damage in exchange for decreasing cold protection.",
        "price": "10.00"
    }
},
{
    "model": "products.product",
    "pk": 12,
    "fields": {
        "slug": "road-sign-jacket",
        "name": "Road Sign Jacket",
        "mainimage": "products/roadsign.jacket.png",
        "category": 5,
        "preview_text": "The road sign jacket has become the staple of mid-game armor due primarily to its worthwhile projectile resistance without necessitating high quality metal.",
        "detail_text": "The road sign jacket has become the staple of mid-game armor due primarily to its worthwhile projectile resistance without necessitating high quality metal.",
        "price": "6.99"
    }
},
{
    "model": "products.product",
    "pk": 13,
    "fields": {
        "slug": "road-sign-kilt",
        "name": "Road Sign Kilt",
        "mainimage": "products/roadsign.kilt.png",
        "category": 5,
        "preview_text": "The lack of a metal chest plate or jacket equivalent to leg armor allows the road sign kilt a monopoly on both mid and end-game leg armor. Heavy plate pants are all that can surpass it...",
        "detail_text": "The lack of a metal chest plate or jacket equivalent to leg armor allows the road sign kilt a monopoly on both mid and end-game leg armor. Heavy plate pants are all that can surpass it statistically, but these are seldom seen outside of airlock brawls due to its movement penalty.",
        "price": "9.99"
    }
},
{
    "model": "products.product",
    "pk": 14,
    "fields": {
        "slug": "roadsign-gloves",
        "name": "Roadsign Gloves",
        "mainimage": "products/roadsign.gloves.png",
        "category": 5,
        "preview_text": "Gloves made out of metal offers a good amount of protection to the upper body.",
        "detail_text": "Gloves made out of metal offers a good amount of protection to the upper body.",
        "price": "6.50"
    }
},
{
    "model": "products.product",
    "pk": 15,
    "fields": {
        "slug": "beancan-grenade",
        "name": "Beancan Grenade",
        "mainimage": "products/grenade.beancan.png",
        "category": 2,
        "preview_text": "The Beancan Grenade is an early-game tool. They're used to craft Satchel Charges, but can be used by themselves in raiding. The Beancan Grenade has a random detonation period and can kill a player if",
        "detail_text": "The Beancan Grenade is an early-game tool. They're used to craft Satchel Charges, but can be used by themselves in raiding. The Beancan Grenade has a random detonation period and can kill a player if it's within the range. The Beancan Grenade has a 25% chance to be a dud. However, Beancan Grenades have a 50% chance to explode when you attempt to pick them up again after a dud.",
        "price": "10.00"
    }
},
{
    "model": "products.product",
    "pk": 16,
    "fields": {
        "slug": "bolt-action-rifle",
        "name": "Bolt Action Rifle",
        "mainimage": "products/rifle.bolt.png",
        "category": 2,
        "preview_text": "The Bolt Action Rifle is a powerful late game rifle that offers high accuracy and high damage at the cost of speed. Having the most damage and least spread of any weapon, it is often used as a designa",
        "detail_text": "The Bolt Action Rifle is a powerful late game rifle that offers high accuracy and high damage at the cost of speed. Having the most damage and least spread of any weapon, it is often used as a designated sniper rifle, and is commonly fitted with a scope to increase the sight range for the user. Its slow rate of fire greatly limits its use in close quarters combat, and its limited capacity forces users to take shots very carefully. Having a very fast bullet velocity, users need not lead targets or compensate for gravity as much as with other weapons firing a slower bullet.",
        "price": "100.00"
    }
},
{
    "model": "products.product",
    "pk": 17,
    "fields": {
        "slug": "combat-knife",
        "name": "Combat Knife",
        "mainimage": "products/knife.combat.png",
        "category": 2,
        "preview_text": "The best tool for harvesting animal corpses quickly and efficiently. It's also one of the best melee weapons in the game due its fast swing rate and high damage - it can also be swung while sprinting,",
        "detail_text": "The best tool for harvesting animal corpses quickly and efficiently. It's also one of the best melee weapons in the game due its fast swing rate and high damage - it can also be swung while sprinting, without slowing down the user.",
        "price": "2.00"
    }
},
{
    "model": "products.product",
    "pk": 18,
    "fields": {
        "slug": "crossbow",
        "name": "Crossbow",
        "mainimage": "products/crossbow.png",
        "category": 2,
        "preview_text": "The Crossbow is a low-tier weapon that can fire either a high-velocity or regular arrow a decent distance. It is capable of relatively high damage, and is a great option when paired with a Waterpipe S",
        "detail_text": "The Crossbow is a low-tier weapon that can fire either a high-velocity or regular arrow a decent distance. It is capable of relatively high damage, and is a great option when paired with a Waterpipe Shotgun or Eoka Pistol or Nailgun.",
        "price": "7.99"
    }
},
{
    "model": "products.product",
    "pk": 19,
    "fields": {
        "slug": "eoka-pistol",
        "name": "Eoka Pistol",
        "mainimage": "products/pistol.eoka.png",
        "category": 2,
        "preview_text": "The Eoka Pistol is a very cheap, very ineffective, and very unreliable firearm. It fires shotgun ammunition in a wide arc, and is capable of killing opponents in one hit (however unlikely that is).",
        "detail_text": "The Eoka Pistol is a very cheap, very ineffective, and very unreliable firearm. It fires shotgun ammunition in a wide arc, and is capable of killing opponents in one hit (however unlikely that is).\r\nThe Eoka pistol consists of a spent 20mm cartridge with a small hole on top attached to a crude wooden frame. A shotgun shell is loaded into the 20mm shell, and a stone is scraped across the hole on top to produce a spark to fire the weapon.",
        "price": "0.99"
    }
},
{
    "model": "products.product",
    "pk": 20,
    "fields": {
        "slug": "double-barrel-shotgun",
        "name": "Double Barrel Shotgun",
        "mainimage": "products/shotgun.double.png",
        "category": 2,
        "preview_text": "The Double Barrel Shotgun is a lower tier, close ranged weapon capable of one-hitting enemies within its effective range. It's best used in conjunction with other, longer range guns and against only o",
        "detail_text": "The Double Barrel Shotgun is a lower tier, close ranged weapon capable of one-hitting enemies within its effective range. It's best used in conjunction with other, longer range guns and against only one or two enemies at a time since it can only shoot two shells before requiring a lengthy reload. Furthermore, shots should only be made with it if it's likely that the majority of the pellets in a blast will connect with their target.\r\n\r\nIt makes for a strong early game weapon because of its relatively low cost. If the extra resources are available, it's a much safer and more reliable investment than the Waterpipe Shotgun since it's not as dependent on a single shot killing an enemy. Generally, unless going into an engagement that has large group of possible enemies (like a base raid or supply drop), it'll most likely be more cost effective to take a Double Barrel over a Pump Shotgun.",
        "price": "10.00"
    }
},
{
    "model": "cart.cartitem",
    "pk": 13,
    "fields": {
        "cart": 17,
        "product": 2,
        "updated": "2020-01-11T00:22:49.974Z",
        "quantity": 1
    }
},
{
    "model": "cart.cartitem",
    "pk": 14,
    "fields": {
        "cart": 17,
        "product": 1,
        "updated": "2020-01-11T00:22:52.256Z",
        "quantity": 1
    }
},
{
    "model": "cart.cartitem",
    "pk": 45,
    "fields": {
        "cart": 31,
        "product": 14,
        "updated": "2020-01-22T02:10:50.610Z",
        "quantity": 2
    }
},
{
    "model": "cart.cartitem",
    "pk": 46,
    "fields": {
        "cart": 31,
        "product": 10,
        "updated": "2020-01-24T03:23:25.626Z",
        "quantity": 1
    }
},
{
    "model": "cart.cartitem",
    "pk": 62,
    "fields": {
        "cart": 39,
        "product": 2,
        "updated": "2020-01-26T14:46:55.250Z",
        "quantity": 2
    }
},
{
    "model": "cart.cart",
    "pk": 17,
    "fields": {
        "customer": [
            "admin"
        ],
        "created": "2020-01-11T00:22:49.784Z",
        "updated": "2020-01-11T00:31:35.095Z",
        "ordered": true
    }
},
{
    "model": "cart.cart",
    "pk": 31,
    "fields": {
        "customer": [
            "admin"
        ],
        "created": "2020-01-22T02:10:38.705Z",
        "updated": "2020-01-24T03:24:01.324Z",
        "ordered": true
    }
},
{
    "model": "cart.cart",
    "pk": 39,
    "fields": {
        "customer": [
            "admin"
        ],
        "created": "2020-01-26T14:21:07.562Z",
        "updated": "2020-01-26T14:21:07.562Z",
        "ordered": false
    }
},
{
    "model": "checkout.billingaddress",
    "pk": 1,
    "fields": {
        "user": [
            "admin"
        ],
        "street_address1": "26 Marlfield",
        "street_address2": "",
        "town_or_city": "Enniscorthy",
        "county_or_state": "Wexford",
        "country": "Ireland",
        "postcode": "Y21 H6C7"
    }
},
{
    "model": "checkout.order",
    "pk": 11,
    "fields": {
        "user": [
            "admin"
        ],
        "created": "2020-01-11T00:31:34.756Z",
        "total": "14.98",
        "payment_id": "ch_1FzXt4AfLrbFaWZXmXSdfLCJ",
        "order_id": "#adminUGnwp1JLbHj2zMOd",
        "order_items": [
            13,
            14
        ]
    }
},
{
    "model": "checkout.order",
    "pk": 12,
    "fields": {
        "user": [
            "admin"
        ],
        "created": "2020-01-24T03:24:00.980Z",
        "total": "35.10",
        "payment_id": "ch_1G4Im4AfLrbFaWZXJKnoSWen",
        "order_id": "#adminQLa54U5EQgt4fTKF",
        "order_items": [
            45,
            46
        ]
    }
}
]
